date,sentiment_score
2022-02-01,0.1915748228008548
2022-02-02,0.1420813135337084
2022-02-03,-0.0114180996481861
2022-02-04,-0.1156703556577364
2022-02-05,0.8842067383229733
2022-02-06,-0.0869858928024768
2022-02-07,-0.1263337216805666
2022-02-08,0.0777601219092806
2022-02-09,0.0803647094095746
2022-02-10,-0.0349447092210704
2022-02-11,-0.3957589093595743
2022-02-12,0.0942177064716816
2022-02-13,-0.2108217063359916
2022-02-14,-0.1110783539091547
2022-02-15,-0.0142974857861797
2022-02-16,-0.1486212941817939
2022-02-17,0.0204433193430304
2022-02-18,0.103152249855074
2022-02-19,-0.0943003017455339
2022-02-20,0.2270878301933407
2022-02-21,0.1902549209383627
2022-02-22,0.0885223231411406
2022-02-23,0.0854480609516887
2022-02-24,-0.0944662967231124
2022-02-25,0.0649916591743628
2022-02-26,0.1537789483554661
2022-02-27,-0.7923637330532074
2022-02-28,-0.1465285991111563
2022-03-01,-0.0284745469689369
2022-03-02,0.1680097337812185
2022-03-03,0.2115851401661833
2022-03-04,0.0350466524916035
2022-03-05,0.1103149994742125
2022-03-06,0.053256906196475
2022-03-07,-0.3461281799245626
2022-03-08,-0.1335121827820936
2022-03-09,0.1032347256550565
2022-03-10,-0.1059545538284712
2022-03-11,0.0636205065529793
2022-03-12,0.0527122132480144
2022-03-13,-0.1995496947318315
2022-03-14,-0.0272323339246213
2022-03-15,0.0646290945199628
2022-03-16,-0.0862987783427039
2022-03-17,-0.2998028793372214
2022-03-18,-0.3568656694454451
2022-03-19,-0.1024833095725625
2022-03-20,0.4569163204481204
2022-03-21,0.0952960044766465
2022-03-22,0.08378025254404
2022-03-23,0.3294759042827146
2022-03-24,0.2457441445440054
2022-03-25,-0.0138469994068145
2022-03-26,-0.1881166398525238
2022-03-27,0.0147904753684997
2022-03-28,0.0563638208300939
2022-03-29,0.198422915556214
2022-03-30,-0.0729237360541116
2022-03-31,0.096461623829479
2022-04-01,0.3286725374766522
2022-04-02,0.2786780642345547
2022-04-03,0.2704983353614807
2022-04-04,-0.2152862410460199
2022-04-05,0.0579829017321268
2022-04-06,0.2463734814897179
2022-04-07,-0.125138048431836
2022-04-08,0.1921602484237934
2022-04-09,0.0347456604242324
2022-04-10,-0.2388693555258214
2022-04-11,-0.12847546543926
2022-04-12,0.0452469519029061
2022-04-13,0.1272357751304904
2022-04-14,0.0411642163060605
2022-04-15,0.0975623629832019
2022-04-16,-0.1585651507601141
2022-04-17,-0.0914022661745548
2022-04-18,-0.0190476928172366
2022-04-19,0.1154184088227339
2022-04-20,0.0594855532205353
2022-04-21,0.0812860577808399
2022-04-22,-0.0315038084107286
2022-04-23,0.153062379120716
2022-04-24,0.1374321859329939
2022-04-25,-0.0081094733693382
2022-04-26,-0.1351969913646046
2022-04-27,0.2163114054128527
2022-04-28,-0.1781383671869452
2022-04-29,-0.172366203607193
2022-04-30,0.079716719686985
2022-05-01,0.1235241445712745
2022-05-02,0.0008278825719441
2022-05-03,0.1340040308846668
2022-05-04,0.0564300670133282
2022-05-05,-0.1502647724171931
2022-05-06,0.1212238471955061
2022-05-07,0.1871207429096102
2022-05-08,-0.0532044076826423
2022-05-09,-0.2192269493160503
2022-05-10,-0.1932497893770536
2022-05-11,0.0481387117345418
2022-05-12,0.1033048353468378
2022-05-13,0.0727629133810599
2022-05-14,-0.4683887250721454
2022-05-15,0.185291263833642
2022-05-16,0.1630953795143536
2022-05-17,-0.108760023320263
2022-05-18,-0.316637564394623
2022-05-19,-0.3412596832445644
2022-05-20,-0.3805398046679329
2022-05-21,-0.2077106048486062
2022-05-22,-0.2253123361151665
2022-05-23,-0.1290283262313
2022-05-24,-0.0192659418456829
2022-05-25,0.0699598002912742
2022-05-26,-0.1600246996385976
2022-05-27,-0.043579231446179
2022-05-28,-0.2323683761060238
2022-05-29,0.0736450015877683
2022-05-30,-0.3195461627328768
2022-05-31,-0.0752925001084804
2022-06-01,-0.2595745837315917
2022-06-02,-0.1789871183438943
2022-06-03,-0.5876910506561398
2022-06-04,-0.4495803423758064
2022-06-05,0.5314059108495712
2022-06-06,-0.2591603006320921
2022-06-07,-0.1824718866264447
2022-06-08,-0.3938508037743823
2022-06-09,-0.1771019151201471
2022-06-10,0.0554656728303858
2022-06-11,0.0567616783082485
2022-06-12,0.0997866755351424
2022-06-13,0.1374401717700741
2022-06-14,0.0913670917507261
2022-06-15,-0.0303704101084308
2022-06-16,0.0792394730855118
2022-06-17,-0.2785634852945804
2022-06-18,-0.0179344560950994
2022-06-19,-0.24216522090137
2022-06-20,-0.3006318347528577
2022-06-21,-0.0109850125653403
2022-06-22,0.1252986554754898
2022-06-23,0.0479800599361104
2022-06-24,0.1482118482235819
2022-06-25,0.0938787658233195
2022-06-26,0.2311341499444097
2022-06-27,0.129180580493994
2022-06-28,0.2249980586348101
2022-06-29,0.0638188138338071
2022-06-30,-0.2477518810968225
2022-07-01,-0.2176753506064415
2022-07-02,-0.3209509290754795
2022-07-03,0.0977838604400555
2022-07-04,-0.2972919107414782
2022-07-05,-0.3507124817619721
2022-07-06,-0.1781652024947106
2022-07-07,-0.0342509236393703
2022-07-08,-0.2126127504743635
2022-07-09,-0.2823536545038223
2022-07-10,-0.1417249363536636
2022-07-11,-0.3543333782710963
2022-07-12,0.1763069426640868
2022-07-13,0.1042399204928766
2022-07-14,0.1053450669028929
2022-07-15,0.0057198411474625
2022-07-16,0.0812859555706381
2022-07-17,-0.8769925758242607
2022-07-18,-0.1025299933739006
2022-07-19,-0.0006713766811622
2022-07-20,-0.0235295880120247
2022-07-21,0.1725657448172569
2022-07-22,-0.0316091053453939
2022-07-23,-0.2682611744850874
2022-07-24,-0.3025855263695121
2022-07-25,0.1179549778462387
2022-07-26,0.1018842114911725
2022-07-27,0.0608015942520328
2022-07-28,0.1977285959113102
2022-07-29,0.2576184531673789
2022-07-30,-0.1288572687655687
2022-07-31,-0.0849917851802375
2022-08-01,-0.180220744838672
2022-08-02,0.1344525413587689
2022-08-03,-0.1686034074518829
2022-08-04,0.0588502060621976
2022-08-05,0.2459670846971372
2022-08-06,0.0423361559708913
2022-08-07,0.00479227444157
2022-08-08,0.1617863006316698
2022-08-09,0.0503513161092996
2022-08-10,0.0458075843052938
2022-08-11,-0.0751130491909053
2022-08-12,0.0422058643640152
2022-08-13,0.2761226617731154
2022-08-14,0.1007590014487505
2022-08-15,-0.0389430468074149
2022-08-16,0.1283454596996307
2022-08-17,-0.069874923385214
2022-08-18,-0.1534711683169007
2022-08-19,0.1401781001128256
2022-08-20,-0.5354446383814017
2022-08-21,-0.1017851394911607
2022-08-22,-0.2709444048038373
2022-08-23,-0.2728098455647176
2022-08-24,-0.0996141035109758
2022-08-25,-0.0382944621036157
2022-08-26,0.0760694756560648
2022-08-27,0.0761100075906142
2022-08-28,-0.1802077379077672
2022-08-29,0.057042721494594
2022-08-30,-0.0766156949102878
2022-08-31,-0.0586826699630667
2022-09-01,0.0698723971145227
2022-09-02,0.1397285921765225
2022-09-03,0.0720663182437419
2022-09-04,0.1079591228626668
2022-09-05,-0.1237931265030056
2022-09-06,0.3281498254192146
2022-09-07,0.3975112086161971
2022-09-08,0.3030797112733125
2022-09-09,-0.0825713349506259
2022-09-10,0.0088087937328964
2022-09-11,0.0295553989708423
2022-09-12,0.0107749167031475
2022-09-13,0.2294886918653818
2022-09-14,0.2717832584865391
2022-09-15,0.1769470427340517
2022-09-16,0.1665853721917503
2022-09-17,-0.0895848575358589
2022-09-18,0.0
2022-09-19,0.1940926110061506
2022-09-20,-0.0692711701420576
2022-09-21,-0.3640715440269559
2022-09-22,0.2055644392967224
2022-09-23,0.2282498944550752
2022-09-24,0.1008787145838141
2022-09-25,-0.5204637944698334
2022-09-26,-0.0985223645610468
2022-09-27,0.3819580078125
2022-09-28,-0.0741795223827163
2022-09-29,0.0854037337537322
2022-09-30,-0.0248807422130515
2022-10-01,0.0059589355951175
2022-10-02,0.1776205183938145
2022-10-03,0.0585420187562704
2022-10-04,-0.1938911871984601
2022-10-05,-0.1825254817626306
2022-10-06,-0.2360651383309492
2022-10-07,-0.2368563545557359
2022-10-08,-0.7061050534248352
2022-10-09,0.2164886200334876
2022-10-10,0.0568476029568248
2022-10-11,-0.0435223036135236
2022-10-12,-0.003665012307465
2022-10-13,0.2618359982346495
2022-10-14,-0.0550413366614116
2022-10-15,-0.2021311083808541
2022-10-16,-0.0286267823539674
2022-10-17,0.1022066020717223
2022-10-18,0.2505863037788206
2022-10-19,0.0459655026735907
2022-10-20,-0.2488423250615596
2022-10-21,0.0903436860535293
2022-10-22,0.1082254247739911
2022-10-23,0.0
2022-10-24,-0.4199903988175922
2022-10-25,0.0004404814292987
2022-10-26,-0.2338283117860555
2022-10-27,-0.0912820806261152
2022-10-28,-0.4276256418476502
2022-10-29,-0.339656987041235
2022-10-30,0.0
2022-10-31,-0.2082454570465617
2022-11-01,-0.0377745047832528
2022-11-02,-0.194430000813944
2022-11-03,-0.2625593404906491
2022-11-04,0.031871580829223
2022-11-05,-0.4589092289097607
2022-11-06,-0.0885569591607366
2022-11-07,0.3410089281387627
2022-11-08,-0.3732169371630464
2022-11-09,-0.4102638074507316
2022-11-10,0.1972031736125548
2022-11-11,-0.0139350990764796
2022-11-12,-0.0205452069640159
2022-11-13,-0.2153826048597693
2022-11-14,0.040373767326985
2022-11-15,-0.0728385640929142
2022-11-16,-0.0615718119185079
2022-11-17,0.3563169145749675
2022-11-18,0.1597513744607567
2022-11-19,-0.0140428803861141
2022-11-20,0.1658415978308767
2022-11-21,0.0489258632684747
2022-11-22,-0.5250360515201464
2022-11-23,-0.0398650988936424
2022-11-24,-0.2402662839740514
2022-11-25,-0.4668054657056927
2022-11-26,0.0032827584072947
2022-11-27,0.1928339081350714
2022-11-28,-0.1134837178513407
2022-11-29,-0.7165194437839091
2022-11-30,-0.2633687804707072
2022-12-01,0.0301730827513066
2022-12-02,0.0026969137415289
2022-12-03,0.0280722635132925
2022-12-04,-0.1083106926331917
2022-12-05,-0.1362845451674527
2022-12-06,-0.374218500033021
2022-12-07,-0.3514064677292481
2022-12-08,-0.0416323544923216
2022-12-09,-0.1667950648814439
2022-12-10,-0.9321853201836348
2022-12-11,-0.0325474115088582
2022-12-12,-0.3292302581378155
2022-12-13,-0.2501224486955574
2022-12-14,-0.4209881496468657
2022-12-15,-0.3541383039647419
2022-12-16,-0.3460586237100263
2022-12-17,0.3518014701704184
2022-12-18,0.049304524436593
2022-12-19,-0.061674366123043
2022-12-20,-0.1669169050426437
2022-12-21,-0.3793427871229748
2022-12-22,-0.1555634651235059
2022-12-23,-0.4009116481058299
2022-12-24,-0.147481690471371
2022-12-25,0.2262423137202859
2022-12-26,-0.0820789909921586
2022-12-27,-0.4822644423693418
2022-12-28,-0.1526441872119903
2022-12-29,-0.0691209355225929
2022-12-30,-0.2732389685697853
2022-12-31,0.0138586568646132
2023-01-01,-0.457334010861814
2023-01-02,-0.1760163063183427
2023-01-03,-0.1295504844082253
2023-01-04,0.011319517934074
2023-01-05,0.052447415156556
2023-01-06,-0.166934528760612
2023-01-07,-0.1068401436787098
2023-01-08,0.0321994987316429
2023-01-09,0.1941866809502244
2023-01-10,0.067904407158494
2023-01-11,0.2078191515886121
2023-01-12,0.0869602070978054
2023-01-13,-0.2397570231308539
2023-01-14,-0.2155952366068959
2023-01-15,0.0496305804699659
2023-01-16,-0.4623950370587408
2023-01-17,-0.3046159478412433
2023-01-18,-0.2839859866071492
2023-01-19,0.0387710269827109
2023-01-20,0.0171342872911029
2023-01-21,-0.0046674469485878
2023-01-22,-0.2332216612994671
2023-01-23,-0.1152270328253507
2023-01-24,-0.2117473915792428
2023-01-25,0.0302180625936564
2023-01-26,-0.1906235366394477
2023-01-27,-0.137855671784457
2023-01-28,0.0485211607068777
2023-01-29,0.0
2023-01-30,-0.1351558767402401
2023-01-31,-0.16959097044652
2023-02-01,-0.0366253201849758
2023-02-02,-0.2895765180001035
2023-02-03,-0.1921455485915595
2023-02-04,-0.6359399305656552
2023-02-05,-0.3573757358826697
2023-02-06,0.1470932561904191
2023-02-07,0.1348632323788479
2023-02-08,-0.0867306995628909
2023-02-09,0.143205809717377
2023-02-10,-0.1090692296468963
2023-02-11,-0.3391105532646179
2023-02-12,-0.1953337356448173
2023-02-13,0.0827316525392234
2023-02-14,-0.0641483901068568
2023-02-15,0.1225194591614935
2023-02-16,-0.4322050416043826
2023-02-17,-0.0128954296931624
2023-02-18,-0.2447421505348757
2023-02-19,-0.2205830312644442
2023-02-20,0.0960403099888935
2023-02-21,0.0789110238796898
2023-02-22,-0.0904944754309124
2023-02-23,0.2841134862974286
2023-02-24,0.1045846585900737
2023-02-25,-0.3654489254889388
2023-02-26,-0.3159403742424079
2023-02-27,0.1791262379573548
2023-02-28,-0.1992518587503582
2023-03-01,0.0291624110920921
2023-03-02,-0.3407495195247434
2023-03-03,-0.01325816651141
2023-03-04,-0.2500847629271447
2023-03-05,0.177914691157639
2023-03-06,-0.3224799047623362
2023-03-07,-0.4030618667602539
2023-03-08,0.5523203347499172
2023-03-09,-0.0393356587737798
2023-03-10,0.0511963022872805
2023-03-11,-0.0745362279315789
2023-03-12,0.2850413396954536
2023-03-13,-0.1048887695318886
2023-03-14,-0.0553596241710086
2023-03-15,-0.1521153322731455
2023-03-16,0.1822216058149934
2023-03-17,-0.1905251181451603
2023-03-18,0.0707653518766164
2023-03-19,0.0336427856236696
2023-03-20,-0.0100256984122097
2023-03-21,0.1524086071178317
2023-03-22,0.5706694992259145
2023-03-23,-0.0547663127589556
2023-03-24,0.2399847935885191
2023-03-25,0.13542893063277
2023-03-26,-0.3455815315246582
2023-03-27,-0.260225207855304
2023-03-28,0.088649634970352
2023-03-29,-0.3270175873767584
2023-03-30,0.0107560970354825
2023-03-31,-0.0945586674381047
2023-04-01,-0.1051245102037986
2023-04-02,0.0033181868493556
2023-04-03,-0.176592240226455
2023-04-04,-0.125888691865839
2023-04-05,-0.0754606911214068
2023-04-06,-0.2132830451327291
2023-04-07,-0.1104097856829563
2023-04-08,-0.4427677989006042
2023-04-09,0.1450100936926901
2023-04-10,-0.3358054074458778
2023-04-11,0.107074477430433
2023-04-12,0.0361150669466171
2023-04-13,-0.0528837104461022
2023-04-14,-0.2062173000692079
2023-04-15,0.146859060972929
2023-04-16,-0.1263316047067443
2023-04-17,0.1084909480331199
2023-04-18,0.1558700057212263
2023-04-19,-0.371611806465999
2023-04-20,-0.0209051031353218
2023-04-21,-0.2728081443347037
2023-04-22,0.0382657016494444
2023-04-23,0.2763553441369107
2023-04-24,0.2195551708961526
2023-04-25,0.4622203269973397
2023-04-26,-0.1811421666294336
2023-04-27,-0.2193319072946906
2023-04-28,-0.1390593346829215
2023-04-29,0.0972760673612356
2023-04-30,-0.5202056393027306
2023-05-01,0.1232894036918878
2023-05-02,-0.1324103366583585
2023-05-03,0.2444272714977463
2023-05-04,-0.0264952676370739
2023-05-05,-0.2661014114107404
2023-05-06,-0.2610350924854477
2023-05-07,-0.0903572163855036
2023-05-08,-0.0161432832479476
2023-05-09,0.0623483281074599
2023-05-10,0.0949451284896996
2023-05-11,-0.1818632014095783
2023-05-12,-0.0926093347370624
2023-05-13,-0.1505366247147321
2023-05-14,-0.1049674861133098
2023-05-15,0.022370408496095
2023-05-16,-0.0757943615938226
2023-05-17,-0.1035171362260977
2023-05-18,0.2211773775687271
2023-05-19,-0.1201857897852148
2023-05-20,0.1209440603852272
2023-05-21,-0.0348843606188893
2023-05-22,0.3409371143206954
2023-05-23,-0.0339623386971652
2023-05-24,0.0210730205290019
2023-05-25,0.2742092829197645
2023-05-26,0.2678075939830806
2023-05-27,-0.0069343534608681
2023-05-28,0.126799932681024
2023-05-29,-0.1074126070986191
2023-05-30,-0.3330998548190109
2023-05-31,-0.0660969557551046
2023-06-01,-0.1376489258836954
2023-06-02,-0.0600195500689248
2023-06-03,0.6507436186075211
2023-06-04,0.392760694026947
2023-06-05,-0.1904362446882508
2023-06-06,0.1048633793834596
2023-06-07,-0.2508077139500528
2023-06-08,-0.1552614686744553
2023-06-09,0.0388813754543662
2023-06-10,0.1602852721698582
2023-06-11,0.0376544184982776
2023-06-12,-0.0961258541792631
2023-06-13,0.3156101833408077
2023-06-14,0.1401199862504234
2023-06-15,-0.2273586904630065
2023-06-16,0.3018814276226542
2023-06-17,0.5757676176726818
2023-06-18,-0.3684778353199363
2023-06-19,0.1018463551465954
2023-06-20,0.3345368027480112
2023-06-21,0.2187835730700975
2023-06-22,0.203877186588943
2023-06-23,0.075123265851289
2023-06-24,-0.8612224422395229
2023-06-25,0.0803418507178624
2023-06-26,-0.3702387824993242
2023-06-27,0.0079709519114759
2023-06-28,0.0937242625902096
2023-06-29,0.3901103688403964
2023-06-30,0.0490782689303159
2023-07-01,0.0023870437095562
2023-07-02,0.1795395974602018
2023-07-03,0.3163340054452419
2023-07-04,0.2380623145561133
2023-07-05,-0.1672190643019146
2023-07-06,-0.2514081341214478
2023-07-07,-0.0162063991883769
2023-07-08,0.1346155147378643
2023-07-09,-0.6582381073385477
2023-07-10,-0.2420544475317001
2023-07-11,-0.3561582622739176
2023-07-12,0.1067579525655933
2023-07-13,-0.1821651221252977
2023-07-14,0.3276249341666698
2023-07-15,0.0
2023-07-16,0.2544526434503495
2023-07-17,0.2154904982695976
2023-07-18,-0.6196136871973673
2023-07-19,0.0605773190036416
2023-07-20,-0.1209520221584373
2023-07-21,-0.0309916965197771
2023-07-22,-0.3479717634618282
2023-07-23,-0.3606839664280414
2023-07-24,-0.2103131744079291
2023-07-25,-0.464473926462233
2023-07-26,0.1955261821082482
2023-07-27,0.064469593266646
2023-07-28,-0.014602488572044
2023-07-29,0.0374404899775981
2023-07-30,0.2663742194750479
2023-07-31,0.6435658494010568
2023-08-01,-0.0011679913848638
2023-08-02,-0.2903751328587532
2023-08-03,-0.4994063353432076
2023-08-04,0.0461534233763814
2023-08-05,0.0
2023-08-06,-0.337745601311326
2023-08-07,-0.0677381390705704
2023-08-08,-0.2387318089604377
2023-08-09,-0.2054027892649173
2023-08-10,-0.1219648557404677
2023-08-11,0.0907293837517499
2023-08-12,-0.9234548462554812
2023-08-13,0.3421650001158317
2023-08-14,-0.4258284419775009
2023-08-15,-0.3041285943860809
2023-08-16,0.1586693361298077
2023-08-17,0.0301378816366195
2023-08-18,-0.0004726760089397
2023-08-19,-0.3658593548461795
2023-08-20,0.1454939353279769
2023-08-21,-0.2816155511619789
2023-08-22,0.0267139747738838
2023-08-23,-0.3294227031458701
2023-08-24,-0.2112351274117827
2023-08-25,-0.0255257105454802
2023-08-26,-0.2027740832418203
2023-08-27,0.0971170042951901
2023-08-28,-0.0480012556848426
2023-08-29,0.0554896712303161
2023-08-30,-0.1931756370080014
2023-08-31,0.0391509346663951
2023-09-01,0.0120762456208467
2023-09-02,-0.2271866737864911
2023-09-03,0.129170989152044
2023-09-04,0.2414769474416971
2023-09-05,-0.0173493054193946
2023-09-06,0.0952120509929955
2023-09-07,-0.2345620617270469
2023-09-08,-0.1644710341468453
2023-09-09,0.0823732065036892
2023-09-10,0.1908285813406109
2023-09-11,0.1654271631656835
2023-09-12,0.4007040707394481
2023-09-13,-0.1150961974993921
2023-09-14,0.0
2023-09-15,-0.1380566630512475
2023-09-16,0.0360708674415946
2023-09-17,0.0281848742937048
2023-09-18,-0.4162040647119284
2023-09-19,-0.1587517035326787
2023-09-20,0.0666478534694761
2023-09-21,0.2331819589146309
2023-09-22,-0.1052938750521703
2023-09-23,-0.1047759305220097
2023-09-24,0.020548523714145
2023-09-25,-0.2404351063072681
2023-09-26,-0.2402002112939953
2023-09-27,-0.2021699885704687
2023-09-28,0.1227100956253707
2023-09-29,-0.3217099259297053
2023-09-30,-0.424027738161385
2023-10-01,-0.0260712951421737
2023-10-02,-0.6106516756117344
2023-10-03,0.1395410792902112
2023-10-04,0.0
2023-10-05,-0.18855644937139
2023-10-06,-0.3163019567728042
2023-10-07,-0.2595946257933974
2023-10-08,-0.1370250200852751
2023-10-09,0.2912907935678959
2023-10-10,0.2167704800143838
2023-10-11,0.4845253456383943
2023-10-12,-0.0169084556400775
2023-10-13,-0.1624037530273199
2023-10-14,0.0846984619274735
2023-10-15,-0.177168658003211
2023-10-16,0.3251174176111817
2023-10-17,-0.0056987889111042
2023-10-18,0.0441417200490832
2023-10-19,0.173529129785796
2023-10-20,-0.1345004977658391
2023-10-21,0.0
2023-10-22,-0.0361275488510727
2023-10-23,0.0939566422253847
2023-10-24,0.176903847977519
2023-10-25,-0.1179187222598837
2023-10-26,-0.0716810261365026
2023-10-27,-0.4709865615392725
2023-10-28,0.1272334577515721
2023-10-29,-0.5734921293333173
2023-10-30,-0.2651518830098212
2023-10-31,-0.1687977912370115
2023-11-01,-0.2293430976569652
2023-11-02,-0.0372089720331132
2023-11-03,-0.4003174901008606
2023-11-04,0.426643299870193
2023-11-05,0.0
2023-11-06,-0.221410799305886
2023-11-07,0.1801287537440657
2023-11-08,-0.4910277744755149
2023-11-09,0.1165924847924283
2023-11-10,0.2412039767950773
2023-11-11,-0.1258428531388441
2023-11-12,0.1046972479671239
2023-11-13,-0.0265325894579291
2023-11-14,-0.1283918044840296
2023-11-15,0.1732512205425236
2023-11-16,0.1721499480440148
2023-11-17,-0.1200988086472664
2023-11-18,-0.236004140228033
2023-11-19,0.2321001361124217
2023-11-20,-0.2608881338753483
2023-11-21,-0.0109335409943014
2023-11-22,0.1807325355708599
2023-11-23,-0.4335260109510273
2023-11-24,0.0687635606154799
2023-11-25,-0.8665647897869349
2023-11-26,-0.2042095387975374
2023-11-27,-0.2959272065199911
2023-11-28,-0.1241726133041083
2023-11-29,-0.2588814776390791
2023-11-30,-0.4233578371349722
2023-12-01,-0.0466720685362815
2023-12-02,0.0521032201126217
2023-12-03,0.0845535462722182
2023-12-04,-0.0880383364856243
2023-12-05,-0.0469886744394898
2023-12-06,-0.0301642268896102
2023-12-07,0.4255379874259233
2023-12-08,-0.3380184107060943
2023-12-09,0.1493547167629003
2023-12-10,0.0
2023-12-11,-0.1019152017931143
2023-12-12,-0.79902483522892
2023-12-13,-0.1953605877235532
2023-12-14,0.1159231589279241
2023-12-15,-0.4979796344414353
2023-12-16,-0.2527895979583263
2023-12-17,-0.0557754332465784
2023-12-18,0.1209087117575109
2023-12-19,-0.1076591733673756
2023-12-20,-0.2030577216297388
2023-12-21,-0.2962178224697709
2023-12-22,-0.4214561040114079
2023-12-23,-0.436546990647912
2023-12-24,-0.4110074695199728
2023-12-25,0.230154552962631
2023-12-26,0.126242677293097
2023-12-27,-0.3988720076158643
2023-12-28,0.2766422394197434
2023-12-29,0.1266913494095206
2023-12-30,-0.1160187497735023
2023-12-31,0.1405642429987589
2024-01-01,-0.2814468782395124
2024-01-02,0.1359752298199704
2024-01-03,-0.0721314284684402
2024-01-04,0.3738842187449336
2024-01-05,-0.3557557510212064
2024-01-06,0.1721266405656933
2024-01-07,-0.8391081839799881
2024-01-08,0.0291179351042956
2024-01-09,0.2211085353046655
2024-01-10,0.1714859816711396
2024-01-11,0.0157950563977162
2024-01-12,-0.0544183286838233
2024-01-13,-0.3069696249440312
2024-01-14,-0.2620801631361246
2024-01-15,0.4067738632568055
2024-01-16,-0.2091605192558332
2024-01-17,-0.1997685637325048
2024-01-18,-0.0481493270822933
2024-01-19,-0.3488745082480212
2024-01-20,0.0950053920969367
2024-01-21,-0.1989143200218677
2024-01-22,0.0300195099895491
2024-01-23,0.0128220364451408
2024-01-24,-0.1880032686008648
2024-01-25,-0.0662989187985658
2024-01-26,-0.1691645745498438
2024-01-27,-0.2299127746373415
2024-01-28,0.2371966331265866
2024-01-29,-0.41362428618595
2024-01-30,-0.0326982899568975
2024-01-31,-0.0813263501040637
2024-02-01,-0.4147908929735422
2024-02-02,-0.3589862923448284
2024-02-03,-0.2975115105509758
2024-02-04,-0.5631758663803339
2024-02-05,0.0617958746540049
2024-02-06,-0.23289455964484
2024-02-07,0.0105524435639381
2024-02-08,-0.0362027322586912
2024-02-09,-0.1582799104042351
2024-02-10,0.0
2024-02-11,0.0228842431679368
2024-02-12,-0.1848363399505615
2024-02-13,-0.1940868675915731
2024-02-14,0.1166556211188435
2024-02-15,0.1802606069083724
2024-02-16,-0.0135567197576165
2024-02-17,0.4235399316530674
2024-02-18,0.0695819228089281
2024-02-19,-0.0720262369140982
2024-02-20,-0.100577363356327
2024-02-21,-0.1334881492786937
2024-02-22,-0.3911845963448286
2024-02-23,-0.1888082461017701
2024-02-24,-0.6035900910695394
2024-02-25,0.0017014077554146
2024-02-26,0.2911311458530171
2024-02-27,-0.0806248446719514
2024-02-28,-0.1217535488706614
2024-02-29,-0.2922088955529034
2024-03-01,-0.2044001366677028
2024-03-02,0.0373001117259264
2024-03-03,-0.0263430313207209
2024-03-04,-0.1637562190182507
2024-03-05,-0.1872434671036899
2024-03-06,0.014649317599833
2024-03-07,-0.1079293103380636
2024-03-08,-0.3237185651170356
2024-03-09,-0.3423834443092346
2024-03-10,-0.1146926589103208
2024-03-11,-0.0524191199443661
2024-03-12,-0.0091828614240512
2024-03-13,-0.0888322638347745
2024-03-14,0.2341769294192393
2024-03-15,0.2961966170825892
2024-03-16,-0.0439038872718811
2024-03-17,-0.1564542734995484
2024-03-18,-0.0456422858405858
2024-03-19,0.2966975479697187
2024-03-20,-0.1493383653461933
2024-03-21,-0.1450087438838986
2024-03-22,-0.2118892973022801
2024-03-23,0.1139181600883603
2024-03-24,-0.1016345179329315
2024-03-25,0.0227240582928061
2024-03-26,0.0559760481119155
2024-03-27,-0.0351852943810323
2024-03-28,0.0728603167873289
2024-03-29,0.2146110248286277
2024-03-30,0.1752973251665631
2024-03-31,0.1050681257620453
2024-04-01,-0.0849848589859902
2024-04-02,-0.1066865993198007
2024-04-03,-0.2403140951117331
2024-04-04,-0.2266617905969421
2024-04-05,-0.3184116908993858
2024-04-06,-0.2703308509662747
2024-04-07,-0.9557893476448952
2024-04-08,-0.3767478302121162
2024-04-09,-0.0880797281861305
2024-04-10,-0.0314995761727914
2024-04-11,0.115201773867011
2024-04-12,-0.305994797963649
2024-04-13,0.0530021009035408
2024-04-14,0.214918443467468
2024-04-15,0.1258906832896173
2024-04-16,0.0121324778689692
2024-04-17,-0.666336085414514
2024-04-18,-0.2048367743069926
2024-04-19,-0.099071298725903
2024-04-20,-0.935812340117991
2024-04-21,-0.0516164246946573
2024-04-22,-0.728139694247927
2024-04-23,-0.2036181259235101
2024-04-24,-0.3091582178603858
2024-04-25,-0.3415314183304352
2024-04-26,0.0003897674381732
2024-04-27,-0.0815372494980692
2024-04-28,0.5371665768325329
2024-04-29,0.1218040241704632
2024-04-30,-0.0228559908989284
2024-05-01,-0.101459276707222
2024-05-02,0.1299340166151523
2024-05-03,-0.1240061800926923
2024-05-04,-0.2843956388533115
2024-05-05,-0.36690245103091
2024-05-06,-0.0442631163168698
2024-05-07,-0.3358500735568149
2024-05-08,0.0
2024-05-09,0.0
2024-05-10,0.1719193670433014
2024-05-11,0.0394120812416076
2024-05-12,0.4799806264539559
2024-05-13,-0.2999045077711343
2024-05-14,0.0324925948710491
2024-05-15,0.1611351833368341
2024-05-16,-0.5156123070046306
2024-05-17,-0.0120120257139205
2024-05-18,-0.6528121158480644
2024-05-19,0.2662182841449976
2024-05-20,-0.4683619705028832
2024-05-21,-0.1711733508855104
2024-05-22,0.0294702951796352
2024-05-23,-0.0965870699534813
2024-05-24,-0.2798370748758316
2024-05-25,0.0623857416212558
2024-05-26,-0.1964397300034761
2024-05-27,0.4404639974236488
2024-05-28,-0.029732804861851
2024-05-29,0.2250030891348918
2024-05-30,-0.0939649501815438
2024-06-01,0.190348245203495
2024-06-02,-0.0832929940273364
2024-06-03,0.1338754857757262
2024-06-04,-0.0740942913107574
2024-06-05,0.1640406120568514
2024-06-06,0.5643081894765297
2024-06-07,0.0828061265250047
2024-06-08,0.2889318717643618
2024-06-09,0.0
2024-06-10,0.1300135878846049
2024-06-11,-0.1432771418864528
2024-06-12,-0.0659658527001738
2024-06-13,-0.0700249109261979
2024-06-14,0.3609489453956485
2024-06-15,0.0
2024-06-16,-0.8131338777020574
2024-06-17,0.3293777331709862
2024-06-18,-0.6029239620392521
2024-06-19,-0.2827680259943008
2024-06-20,0.0
2024-06-21,0.2465852365518609
2024-06-22,0.0
2024-06-23,0.0785987051203847
2024-06-24,0.2199762209008137
2024-06-25,-0.2885276786983013
2024-06-26,-0.2339636292308569
2024-06-27,-0.0737912406524022
2024-06-28,0.2348266337066888
2024-06-29,0.0
2024-06-30,0.0997693141301473
2024-07-01,-0.0285389660857617
2024-07-02,0.2306876613625458
2024-07-03,0.6232145535759628
2024-07-04,-0.0903208763338625
2024-07-05,0.0
2024-07-06,-0.2581507489085197
2024-07-07,-0.3837232775986194
2024-07-08,0.0981836225837469
2024-07-09,-0.1241703437020381
2024-07-10,0.3968256085645407
2024-07-11,0.168042205274105
2024-07-12,-0.1637971303425729
2024-07-13,0.036817330867052
2024-07-14,-0.3698480129241943
2024-07-15,-0.2176716970279812
2024-07-16,0.1700030334759503
2024-07-17,0.1724424741484902
2024-07-18,-0.3185401001634697
2024-07-19,-0.3050521727030476
2024-07-20,-0.737727465108037
2024-07-21,0.1126181189902126
2024-07-22,-0.4368675459797184
2024-07-23,-0.3775813664708818
2024-07-24,-0.06475011272622
2024-07-25,-0.4000813458114862
2024-07-26,-0.1860225070267915
2024-07-27,-0.2012661322951316
2024-07-28,-0.4453568874547879
2024-07-29,-0.1801042077131569
2024-07-30,0.0769076514989137
2024-07-31,-0.2306429240852594
2024-08-01,-0.577456122962758
2024-08-02,0.0010637920349836
2024-08-03,0.119078766554594
2024-08-04,-0.3545386446639895
2024-08-05,-0.1540059465914964
2024-08-06,0.5454196034531508
2024-08-07,-0.0635888269171118
2024-08-08,-0.1374262915924191
2024-08-09,-0.0516348201781511
2024-08-10,0.0548230664183696
2024-08-11,-0.0916055940712491
2024-08-12,-0.2961569648236036
2024-08-13,-0.2664463161849059
2024-08-14,0.0
2024-08-15,0.0
2024-08-16,0.2588843954727053
2024-08-17,0.0
2024-08-18,0.4087424241006374
2024-08-19,0.031563552096486
2024-08-20,-0.0241086807634149
2024-08-21,-0.102725775539875
2024-08-22,-0.1723234911138812
2024-08-23,-0.5094668579598268
2024-08-24,-0.0703653073869645
2024-08-25,-0.0290686609223485
2024-08-26,-0.7153606414794922
2024-08-27,-0.3280081553384661
2024-08-28,-0.3149217899888754
2024-08-29,0.2549211674680312
2024-08-30,-0.0312206819653511
2024-08-31,0.2762980405241251
2024-09-01,0.1477885767817497
2024-09-02,-0.0896780525467225
2024-09-03,-0.3869778346270323
2024-09-04,-0.6110183440614492
2024-09-05,0.0754518844187259
2024-09-06,-0.4929128848016262
2024-09-07,-0.12102287573119
2024-09-08,0.1136866062879562
2024-09-09,0.0114653302977482
2024-09-10,0.0821921274065971
2024-09-11,0.0933117746996382
2024-09-12,0.1912226676940918
2024-09-13,0.4000511448830366
2024-09-14,0.0
2024-09-15,0.0227596014738082
2024-09-16,-0.928340520709753
2024-09-17,-0.1866401080042123
2024-09-18,0.1079911242704838
2024-09-19,0.0794558310881257
2024-09-20,0.4690450630150735
2024-09-21,0.0
2024-09-22,0.0
2024-09-23,-0.1393728299687306
2024-09-24,0.0350010227411985
2024-09-25,-0.200097097394367
2024-09-26,-0.1357637795154005
2024-09-27,-0.2988597266376018
2024-09-28,0.0
2024-09-29,0.0
2024-09-30,0.0401652349780003
2024-10-01,-0.093942292034626
2024-10-02,0.1613987279124558
2024-10-03,-0.3125375913456082
2024-10-04,-0.4380471121985465
2024-10-05,-0.3530337242409587
2024-10-06,-0.4009734387509525
2024-10-07,-0.2721701599657535
2024-10-08,-0.0762177704434309
2024-10-09,0.0832815766334533
2024-10-10,-0.0454860837198793
2024-10-11,-0.0707453936338424
2024-10-12,-0.055729450037082
2024-10-13,-0.9480102192610502
2024-10-14,-0.6916768122464418
2024-10-15,-0.140571607897679
2024-10-16,-0.2468671798706054
2024-10-17,0.1743800113908946
2024-10-18,0.0444055721163749
2024-10-19,0.0198015719652175
2024-10-20,-0.3499914612621069
2024-10-21,0.221891644783318
2024-10-22,0.0699154390022158
2024-10-23,0.4263311894610524
2024-10-24,-0.2738775225694884
2024-10-25,0.1120508372162779
2024-10-26,0.0
2024-10-27,0.0
2024-10-28,-0.5269301214721054
2024-10-29,-0.2561313038691878
2024-10-30,-0.4980018430699904
2024-10-31,-0.1978442774464686
2024-11-01,-0.5371934501454234
2024-11-02,-0.4156757096449534
2024-11-03,0.9120675008744
2024-11-04,-0.3886569812893867
2024-11-05,-0.1458969734609127
2024-11-06,0.3036224945987525
2024-11-07,-0.1720249275676906
2024-11-08,-0.1077992841601371
2024-11-09,0.1822098577395081
2024-11-10,0.0060116023841229
2024-11-11,-0.226974470851322
2024-11-12,0.0306697322853973
2024-11-13,0.0585936883996639
2024-11-14,-0.3384181323389594
2024-11-15,-0.1597831818674291
2024-11-16,-0.5238875159993768
2024-11-17,-0.028126635402441
2024-11-18,0.1797250093553554
2024-11-19,0.3828492726509769
2024-11-20,0.0470116628954807
2024-11-21,0.148942454252392
2024-11-22,-0.387449426068501
2024-11-23,-0.3340729055926204
2024-11-24,0.0772411661843458
2024-11-25,0.1840631351806223
2024-11-26,0.1727863371802064
2024-11-27,-0.303488205652684
2024-11-28,-0.233346551656723
2024-11-29,-0.2352798071224242
2024-11-30,0.1047594013313452
2024-12-01,0.0735510662198066
2024-12-02,-0.1089149767843385
2024-12-03,0.3022325731813907
2024-12-04,-0.5379895007548233
2024-12-05,-0.151290787756443
2024-12-06,0.0364031370729207
2024-12-07,0.0
2024-12-08,-0.0957213327554719
2024-12-09,0.3212867686524987
2024-12-10,0.189176107963754
2024-12-11,0.2119828416034579
2024-12-12,0.2481976514682173
2024-12-13,0.479816462445472
2024-12-14,-0.8596269600093365
2024-12-15,0.1055559953674674
2024-12-16,0.0010753176175057
2024-12-17,0.449947414919734
2024-12-18,-0.2234073576650449
2024-12-19,0.2719985261559486
2024-12-20,-0.1351064122281968
2024-12-21,0.0
2024-12-22,0.0612964813287059
2024-12-23,0.0089665537234395
2024-12-24,0.17898615822196
2024-12-25,0.0
2024-12-26,0.4101970139890909
2024-12-27,-0.2463972429848379
2024-12-28,-0.2849204034234087
2024-12-29,0.0436380803585052
2024-12-30,-0.0812741508707404
2024-12-31,-0.1195983594904343
2025-01-01,0.3478465117514133
2025-01-02,-0.3652644079799453
2025-01-03,-0.4547935537993908
2025-01-04,-0.1020859847776591
2025-01-05,-0.0275223273783922
2025-01-06,0.0606683958321809
2025-01-07,-0.2792871887485186
2025-01-08,0.0492971311988575
2025-01-09,-0.326808693120256
2025-01-10,-0.2858690079301595
2025-01-11,-0.0272755291579025
2025-01-12,-0.2352861000690609
2025-01-13,-0.1709430184481399
2025-01-14,-0.0416480083949863
2025-01-15,0.1596442423760891
2025-01-16,-0.0636254233093215
2025-01-17,-0.4679431103169918
2025-01-18,-0.1795056760311126
2025-01-19,0.2911342056468129
2025-01-20,0.2567492496222258
2025-01-21,-0.2426821646280586
2025-01-22,-0.0086772906490498
2025-01-23,-0.1988051757216453
2025-01-24,0.1763206146923559
2025-01-25,-0.0475549555073181
2025-01-26,0.3640506484856208
2025-01-27,-0.442344370453308
2025-01-28,0.5163819217123091
2025-01-29,0.0785685453563928
2025-01-30,-0.012422367464751
2025-01-31,0.1155494782142341
2025-02-01,-0.9153582658618687
2025-02-02,0.1618128484115004
2025-02-03,-0.1732490668073296
2025-02-04,-0.4768829811364412
2025-02-05,0.308375113333265
2025-02-06,-0.1769609710370952
2025-02-07,-0.2504620169555502
2025-02-08,-0.4283807861308257
2025-02-09,0.0
2025-02-10,-0.2765578688122332
2025-02-11,-0.2246062397690756
2025-02-12,0.2618827517144382
2025-02-13,0.1023735329508781
2025-02-14,0.1702326610684394
2025-02-15,-0.0283671300858259
2025-02-16,0.0363552123308181
2025-02-17,-0.2613199544139206
2025-02-18,-0.0583916163692871
2025-02-19,0.1577618457376957
2025-02-20,-0.016111854230985
2025-02-21,-0.0523712965659797
2025-02-22,0.0622288038333257
2025-02-23,-0.0055968863889575
2025-02-24,-0.3272089078091085
2025-02-25,-0.4287531977752223
2025-02-26,-0.1226409280207008
2025-02-27,0.1020193990940849
